{
  "Bicubic": {
    "avgs_x": [
      0.9916386988758304,
      0.9960629060727427,
      0.9984810051733056,
      0.9995098936105485
    ],
    "avgs_y": [
      0.9903499649073699,
      0.9952453326131325,
      0.9980086166181616,
      0.9992824984581853
    ],
    "stds_x": [
      0.005338814740126758,
      0.0026135035393779825,
      0.0009374299664186301,
      0.00029339804095835704
    ],
    "stds_y": [
      0.007444142898283836,
      0.003605464650468506,
      0.0013955663576015692,
      0.0005038142730695248
    ]
  },
  "RandomForest": {
    "avgs_x": NaN,
    "avgs_y": NaN,
    "stds_x": NaN,
    "stds_y": NaN
  },
  "RidgeRegression": {
    "avgs_x": [
      0.9916386988758304,
      0.9960629060727427,
      0.9984810051733056,
      0.9995098936105485
    ],
    "avgs_y": [
      0.9903499649073699,
      0.9952453326131325,
      0.9980086166181616,
      0.9992824984581853
    ],
    "stds_x": [
      0.005338814740126758,
      0.0026135035393779825,
      0.0009374299664186301,
      0.00029339804095835704
    ],
    "stds_y": [
      0.007444142898283836,
      0.003605464650468506,
      0.0013955663576015692,
      0.0005038142730695248
    ]
  },
  "SR3_Diff": {
    "avgs_x": NaN,
    "avgs_y": NaN,
    "stds_x": NaN,
    "stds_y": NaN
  },
  "SR3_Reg": {
    "avgs_x": NaN,
    "avgs_y": NaN,
    "stds_x": NaN,
    "stds_y": NaN
  }
}