{
  "Bicubic": {
    "x": [
      [
        0.9992866466037228
      ],
      [
        0.9996238173290117
      ],
      [
        0.9996160071294454
      ],
      [
        0.9991291334480007
      ],
      [
        0.9996184828829422
      ],
      [
        0.9996365501911499
      ],
      [
        0.9996997265082497
      ],
      [
        0.9992751709597394
      ],
      [
        0.9993853901411364
      ],
      [
        0.9991269340174027
      ]
    ],
    "y": [
      [
        0.9994953920970064
      ],
      [
        0.9995942071007521
      ],
      [
        0.9996014553386633
      ],
      [
        0.9992096224798683
      ],
      [
        0.9992952132302761
      ],
      [
        0.9993897080643386
      ],
      [
        0.999664831960713
      ],
      [
        0.9995785301683078
      ],
      [
        0.9995068399110509
      ],
      [
        0.9990735432509579
      ]
    ]
  },
  "RandomForest": {
    "x": [
      [
        0.9995591950141542
      ],
      [
        0.9996856978963627
      ],
      [
        0.9997706154212713
      ],
      [
        0.9995513137099292
      ],
      [
        0.9994320721177563
      ],
      [
        0.9994200066138879
      ],
      [
        0.9998259233600095
      ],
      [
        0.9994408391422882
      ],
      [
        0.9997224259159516
      ],
      [
        0.9992465797275379
      ]
    ],
    "y": [
      [
        0.9998647093928285
      ],
      [
        0.9995268420316603
      ],
      [
        0.9996048803618307
      ],
      [
        0.9993510314565711
      ],
      [
        0.9988407420552741
      ],
      [
        0.9970582977284909
      ],
      [
        0.999815170989412
      ],
      [
        0.999713733647295
      ],
      [
        0.9997795604814177
      ],
      [
        0.9994649693304157
      ]
    ]
  },
  "RidgeRegression": {
    "x": [
      [
        0.9995778323117654
      ],
      [
        0.9996138414621163
      ],
      [
        0.9997525654071218
      ],
      [
        0.9995171842555045
      ],
      [
        0.999268339204153
      ],
      [
        0.9993132181113219
      ],
      [
        0.9997886546891034
      ],
      [
        0.999480090758508
      ],
      [
        0.9997448343102494
      ],
      [
        0.9990948796036349
      ]
    ],
    "y": [
      [
        0.9998059406669193
      ],
      [
        0.9994963176107364
      ],
      [
        0.9995813034142148
      ],
      [
        0.9993349579078307
      ],
      [
        0.9985238403663982
      ],
      [
        0.9963986981653093
      ],
      [
        0.9998212649856035
      ],
      [
        0.9997148687798504
      ],
      [
        0.9997811353489253
      ],
      [
        0.9994614795994912
      ]
    ]
  },
  "SR3_Diff": {
    "x": [
      [
        0.9996477124173575
      ],
      [
        0.9998667767126762
      ],
      [
        0.9993402881694154
      ],
      [
        0.9994600066860062
      ],
      [
        0.9999124569778669
      ],
      [
        0.9996410034130562
      ],
      [
        0.9998892526084786
      ],
      [
        0.9993672618642467
      ],
      [
        0.9997408535932892
      ],
      [
        0.9997150442806871
      ]
    ],
    "y": [
      [
        0.9999051457318392
      ],
      [
        0.9999077902539109
      ],
      [
        0.999688213448201
      ],
      [
        0.999330968758613
      ],
      [
        0.9998374830155728
      ],
      [
        0.9998177859653626
      ],
      [
        0.9999441175635728
      ],
      [
        0.9994971995538751
      ],
      [
        0.9997965354451808
      ],
      [
        0.9997129177560587
      ]
    ]
  },
  "SR3_Reg": {
    "x": [
      [
        0.9998105163023647
      ],
      [
        0.9999059535132617
      ],
      [
        0.9997610030219738
      ],
      [
        0.9997884076218962
      ],
      [
        0.9999766159042418
      ],
      [
        0.9998617840950029
      ],
      [
        0.9999387123765752
      ],
      [
        0.9997161576966969
      ],
      [
        0.9998364072785999
      ],
      [
        0.9997100419063196
      ]
    ],
    "y": [
      [
        0.999955674282242
      ],
      [
        0.9999308793876673
      ],
      [
        0.9997896271629096
      ],
      [
        0.9997379483834781
      ],
      [
        0.999944352584376
      ],
      [
        0.9999416944032198
      ],
      [
        0.9999580813787101
      ],
      [
        0.9998334191749355
      ],
      [
        0.9998025821205534
      ],
      [
        0.9998332517598735
      ]
    ]
  },
  "kernels": 20
}