{
  "Bicubic": {
    "x": [
      [
        0.9988979445869991
      ]
    ],
    "y": [
      [
        0.9995504911199897
      ]
    ]
  },
  "RandomForest": {
    "x": [
      [
        0.9985820199857872
      ]
    ],
    "y": [
      [
        0.9996029981404958
      ]
    ]
  },
  "RidgeRegression": {
    "x": [
      [
        0.9983556352607884
      ]
    ],
    "y": [
      [
        0.9996317243996141
      ]
    ]
  },
  "SR3_Diff": {
    "x": [
      [
        0.9993735529456397
      ]
    ],
    "y": [
      [
        0.9996393501169811
      ]
    ]
  },
  "SR3_Reg": {
    "x": [
      [
        0.9997008490074157
      ]
    ],
    "y": [
      [
        0.999751612275452
      ]
    ]
  },
  "kernels": 20
}{
  "Bicubic": {
    "E": [
      [
        0.06369339310408527,
        0.2588971369019704,
        0.26104832938329825,
        0.31012314465079627,
        0.48222301569252934,
        0.4019288248572663,
        0.7888384425432036,
        0.6855748552096497,
        0.737132720114271,
        0.74842901022918,
        0.6854296499933792,
        0.9911552894422969,
        0.9138890443949577,
        0.8447997337748294,
        1.0650605419584385,
        1.2929607995595014,
        1.4474809575764551,
        1.6977244501310635,
        1.5481509145605061,
        1.802979037564263,
        1.382615088966573,
        1.9822657232261651,
        1.7825582112629264,
        1.8931688904029222,
        2.012385487783308,
        1.9484215797096631,
        2.2382227300645754,
        2.9313549680246425,
        2.489484487129792,
        2.7754415695070738,
        2.7262934520247635,
        3.020440588709352,
        2.9788426363830793,
        3.196534896836648,
        4.209816118979451,
        7.642898097031271,
        12.251338144384796,
        19.02331114699133,
        37.99975787202923,
        39.9608646035259,
        89.80788938834777,
        132.50368516015297,
        221.6056445594362,
        450.2486575241475,
        479.258893729576,
        957.7448629387189,
        1544.6974331438837,
        2403.286648923068,
        3587.7508463256295,
        4581.759026186692
      ]
    ],
    "k": [
      [
        2.0,
        4.0,
        6.0,
        8.0,
        10.0,
        12.0,
        14.0,
        16.0,
        18.0,
        20.0,
        22.0,
        24.0,
        26.0,
        28.0,
        30.0,
        32.0,
        34.0,
        36.0,
        38.0,
        40.0,
        42.0,
        44.0,
        46.0,
        48.0,
        50.0,
        52.0,
        54.0,
        56.0,
        58.0,
        60.0,
        62.0,
        64.0,
        66.0,
        68.0,
        70.0,
        72.0,
        74.0,
        76.0,
        78.0,
        80.0,
        82.0,
        84.0,
        86.0,
        88.0,
        90.0,
        92.0,
        94.0,
        96.0,
        98.0,
        100.0
      ]
    ]
  },
  "HR": {
    "E": [
      [
        0.1633262329503011,
        0.29089435231894967,
        0.5118661435352496,
        0.6899768529297038,
        1.2696809557278268,
        1.4800362382698269,
        1.9311342018527289,
        1.483611529409994,
        2.9082715646627144,
        3.9003603366055692,
        3.486554904734594,
        5.26789137909927,
        6.670956351295011,
        7.440835853073205,
        10.222901320763269,
        12.996901745138102,
        15.108539514838414,
        28.977728587020078,
        21.300978155698857,
        29.68088351838172,
        33.23731548998854,
        61.45584948213009,
        46.95469394896621,
        61.79847959698082,
        93.35825814423232,
        91.39279242077572,
        117.97037540704298,
        158.73947893130952,
        189.44303331616948,
        191.12076423990771,
        258.14105442603636,
        281.8490650327819,
        336.9889836673404,
        447.71070708821435,
        620.4442776743118,
        573.2626278088308,
        685.7430597576772,
        910.6325289473955,
        890.2294849733581,
        1746.2268691775364,
        1228.1188828287995,
        2048.7710430862426,
        2138.2792670189374,
        2729.5618043233767,
        3250.577865141025,
        3573.2534302183067,
        4384.830807135788,
        5194.093685815202,
        4623.589880554692,
        7655.241593440894
      ]
    ],
    "k": [
      [
        2.0,
        4.0,
        6.0,
        8.0,
        10.0,
        12.0,
        14.0,
        16.0,
        18.0,
        20.0,
        22.0,
        24.0,
        26.0,
        28.0,
        30.0,
        32.0,
        34.0,
        36.0,
        38.0,
        40.0,
        42.0,
        44.0,
        46.0,
        48.0,
        50.0,
        52.0,
        54.0,
        56.0,
        58.0,
        60.0,
        62.0,
        64.0,
        66.0,
        68.0,
        70.0,
        72.0,
        74.0,
        76.0,
        78.0,
        80.0,
        82.0,
        84.0,
        86.0,
        88.0,
        90.0,
        92.0,
        94.0,
        96.0,
        98.0,
        100.0
      ]
    ]
  },
  "RandomForest": {
    "E": [
      [
        0.1636745759960975,
        0.38075680528103506,
        0.7716298932712922,
        0.9931813027520687,
        1.303616734355659,
        1.7836383417056525,
        1.271015091136035,
        2.791187385110452,
        2.734124036215448,
        5.062971074743268,
        4.944835405389395,
        5.899528207585795,
        13.734275994992249,
        242.088957001459,
        16.193868129961082,
        12.084041777684003,
        8.005627426992485,
        8.607993951816027,
        6.862126276402876,
        8.029249370898237,
        14.541480824476787,
        11.863060817161735,
        12.981569360921917,
        11.758924453820052,
        12.431922433340125,
        12.493377387760068,
        17.62022303510048,
        23.942426541445208,
        24.696925771926388,
        81.11232466579395,
        110.59329664608276,
        3061.11428100736,
        88.11780341411759,
        77.25555961012637,
        58.41278047067684,
        80.23476152139558,
        93.5011405045544,
        129.8360542187671,
        159.1475285004152,
        239.76866718941753,
        348.386946213474,
        3448.221762962662,
        617.5557602119347,
        819.6412556278475,
        862.3801352095571,
        1324.4595896780497,
        1937.170498063595,
        2857.615272595498,
        4606.217883405506,
        6967.863789881135
      ]
    ],
    "k": [
      [
        2.0,
        4.0,
        6.0,
        8.0,
        10.0,
        12.0,
        14.0,
        16.0,
        18.0,
        20.0,
        22.0,
        24.0,
        26.0,
        28.0,
        30.0,
        32.0,
        34.0,
        36.0,
        38.0,
        40.0,
        42.0,
        44.0,
        46.0,
        48.0,
        50.0,
        52.0,
        54.0,
        56.0,
        58.0,
        60.0,
        62.0,
        64.0,
        66.0,
        68.0,
        70.0,
        72.0,
        74.0,
        76.0,
        78.0,
        80.0,
        82.0,
        84.0,
        86.0,
        88.0,
        90.0,
        92.0,
        94.0,
        96.0,
        98.0,
        100.0
      ]
    ]
  },