{
  "Bicubic": {
    "x": [
      [
        0.9952572918951593,
        0.9979142599665041,
        0.9990219031412748,
        0.9996303228954598
      ],
      [
        0.9835720050537313,
        0.9910182472853253,
        0.9962723463039372,
        0.9986726882113149
      ]
    ],
    "y": [
      [
        0.9981535504491649,
        0.9991180167394893,
        0.9995844574154988,
        0.9998185272051737
      ],
      [
        0.9907184756965344,
        0.993973695338751,
        0.9968315605241282,
        0.9987958559128747
      ]
    ]
  },
  "RandomForest": {
    "x": [
      [
        0.9964689768811232,
        0.9987783884043934,
        0.9993613703050077,
        0.9997040269687514
      ],
      [
        0.9919743324112814,
        0.9965427695290947,
        0.9984315905934151,
        0.9992490983228913
      ]
    ],
    "y": [
      [
        0.9976406872925855,
        0.998712723224824,
        0.9990456706050488,
        0.9992966069545977
      ],
      [
        0.9970274240810616,
        0.9986262268607631,
        0.999238586019716,
        0.9995527735555392
      ]
    ]
  },
  "RidgeRegression": {
    "x": [
      [
        0.9964848800780305,
        0.9987934338359493,
        0.9993660112963455,
        0.999709701745868
      ],
      [
        0.9930700256112128,
        0.9970313842001602,
        0.9984037809023332,
        0.9991168593800783
      ]
    ],
    "y": [
      [
        0.9974822890282413,
        0.9985637887934105,
        0.9989247908514053,
        0.9992076657087766
      ],
      [
        0.9970670803459297,
        0.9985956505490126,
        0.9991366632913115,
        0.99942196606158
      ]
    ]
  },
  "SR3_Diff": {
    "x": [
      [
        0.9954167662200603,
        0.9985864021009465,
        0.9993280458640633,
        0.9997552352554698
      ],
      [
        0.99192135165703,
        0.9973560439918391,
        0.9992036930215418,
        0.9998185118063301
      ]
    ],
    "y": [
      [
        0.9977426338288093,
        0.9993334233061044,
        0.9997446600362297,
        0.999921272808523
      ],
      [
        0.9965354667958753,
        0.9989296763832399,
        0.9996976717068072,
        0.9999251286124843
      ]
    ]
  },
  "SR3_Reg": {
    "x": [
      [
        0.997129741527142,
        0.9989999264580857,
        0.9994835294090536,
        0.9998001019283967
      ],
      [
        0.9960485771213375,
        0.9988688854258831,
        0.99970032623374,
        0.9999262210057187
      ]
    ],
    "y": [
      [
        0.9989493485102234,
        0.9996333704144178,
        0.9998523870757529,
        0.999942782416172
      ],
      [
        0.9986114741110727,
        0.999565117611836,
        0.999880069869329,
        0.9999733638392492
      ]
    ]
  },
  "kernels": [
    1,
    5,
    10,
    20
  ]
}