{
  "Bicubic": {
    "avgs_x": [
      0.988318818059605,
      0.9944245534051142,
      0.997802715832896,
      0.9993118058882351
    ],
    "avgs_y": [
      0.9893909115232202,
      0.9947291716755466,
      0.9978092964602082,
      0.9992555754726173
    ],
    "stds_x": [
      0.008964185455667314,
      0.004186885373818707,
      0.0015313322871691431,
      0.0004691447450212817
    ],
    "stds_y": [
      0.007146116863147574,
      0.003447408421741587,
      0.001472382349378512,
      0.0005760530013191957
    ]
  },
  "RandomForest": {
    "avgs_x": [
      0.9924332958011945,
      0.9970325257299488,
      0.9986451895761828,
      0.9993209233806967
    ],
    "avgs_y": [
      0.993679552682407,
      0.9975164591868073,
      0.998862969103054,
      0.9994320430528618
    ],
    "stds_x": [
      0.00545789834752855,
      0.0021816204110361747,
      0.0012086136499532055,
      0.0009142841769520875
    ],
    "stds_y": [
      0.004320728763252887,
      0.0016175053115294491,
      0.00080009450523989,
      0.0005439826207439543
    ]
  },
  "RidgeRegression": {
    "avgs_x": [
      0.9927116459639744,
      0.9970994368538542,
      0.9985804678816155,
      0.9992291746128756
    ],
    "avgs_y": [
      0.9939582876038371,
      0.9976073848749055,
      0.9988376167097592,
      0.9993723096917315
    ],
    "stds_x": [
      0.005145437154551087,
      0.002154070332475487,
      0.0013713211529010562,
      0.0010831939332043
    ],
    "stds_y": [
      0.0040766983910436915,
      0.0015516653749167585,
      0.0008671791810913389,
      0.0006373063152934962
    ]
  },
  "SR3_Diff": {
    "avgs_x": [
      0.9899275560400038,
      0.9968033555129295,
      0.9989370407509144,
      0.9996981753852129
    ],
    "avgs_y": [
      0.9916036850446968,
      0.9973305307650681,
      0.999106470329307,
      0.9997401767119227
    ],
    "stds_x": [
      0.007909748976851247,
      0.002515972249540126,
      0.0008334463700195355,
      0.00023936823360994842
    ],
    "stds_y": [
      0.006470262604409566,
      0.0020692976182851088,
      0.0007055926262516803,
      0.00021493793118674566
    ]
  },
  "SR3_Reg": {
    "avgs_x": [
      0.9947649962264962,
      0.9982959890978051,
      0.9994213121213343,
      0.9998329027438383
    ],
    "avgs_y": [
      0.9956226117598068,
      0.9985680078660173,
      0.9995119347071736,
      0.9998562909978825
    ],
    "stds_x": [
      0.004330560291154226,
      0.001395573417665418,
      0.0004936249481800298,
      0.0001506353734582874
    ],
    "stds_y": [
      0.0034428292091619106,
      0.0011286074315542773,
      0.0004072544620273832,
      0.0001278068583860639
    ]
  }
}